Insert into Master_Barang (seq,kode,nama,h_beli,h_jual,keterangan,kategori) values(1,'D','d',55,55555,'','B');

Insert into Master_Barang (seq,kode,nama,h_beli,h_jual,keterangan,kategori) values(2,'KK','kkkkk',100000,10000,'','B');

Insert into Transaksi_Beli_master (seq,Tanggal,nomor,total,keterangan) values(1,DATEVALUE('25/11/2020' ),'aa',140000,'');
Insert into Transaksi_Beli_Detail (seq,master_seq,barang_seq,qty,harga,total,keterangan) values(1,1,0,2,20000,40000,'');
Insert into Transaksi_Beli_Detail (seq,master_seq,barang_seq,qty,harga,total,keterangan) values(2,1,2,1,100000,100000,'');

Update Master_Barang SET kode = 'D',nama = 'd',h_beli = 55,h_jual = 55555,keterangan = 'kkk',Kategori = 'H' Where seq = 1;

Insert into Transaksi_Beli_master (seq,Tanggal,nomor,total,keterangan) values(2,DATEVALUE('25/11/2020' ),'aa',6666,'');
Insert into Transaksi_Beli_Detail (seq,master_seq,barang_seq,qty,harga,total,keterangan) values(3,2,0,3,2222,6666,'');

Insert into Transaksi_Beli_master (seq,Tanggal,nomor,total,keterangan) values(3,DATEVALUE('25/11/2020' ),'ppp',40662,'');
Insert into Transaksi_Beli_Detail (seq,master_seq,barang_seq,qty,harga,total,keterangan) values(4,3,0,6,6777,40662,'');

Insert into Transaksi_Beli_master (seq,Tanggal,nomor,total,keterangan) values(1,DATEVALUE('25/11/2020' ),'aa',540000,'');
Insert into Transaksi_Beli_Detail (seq,master_seq,barang_seq,qty,harga,total,keterangan) values(1,1,0,4,10000,40000,'');
Insert into Transaksi_Beli_Detail (seq,master_seq,barang_seq,qty,harga,total,keterangan) values(2,1,2,5,100000,500000,'');

Insert into Transaksi_Beli_master (seq,Tanggal,nomor,total,keterangan) values(1,DATEVALUE('25/11/2020' ),'yy',310000,'');
Insert into Transaksi_Beli_Detail (seq,master_seq,barang_seq,qty,harga,total,keterangan) values(1,1,1,5,55,10000,'');
Insert into Transaksi_Beli_Detail (seq,master_seq,barang_seq,qty,harga,total,keterangan) values(2,1,2,3,100000,300000,'');

Insert into Transaksi_Beli_master (seq,Tanggal,nomor,total,keterangan) values(2,DATEVALUE('24/11/2020' ),'ww',275,'');
Insert into Transaksi_Beli_Detail (seq,master_seq,barang_seq,qty,harga,total,keterangan) values(3,2,1,5,55,275,'');

Insert into Master_Barang (seq,kode,nama,h_beli,h_jual,keterangan,kategori) values(3,'001','pensil',1000,5000,'aaa','J');

Update Master_Barang SET kode = '002',nama = 'tinta',h_beli = 5000,h_jual = 10000,keterangan = 'kkk',Kategori = 'H' Where seq = 1;

Delete from Master_Barang where seq = 2;

Insert into Transaksi_Beli_master (seq,Tanggal,nomor,total,keterangan) values(3,DATEVALUE('25/11/2020' ),'001',12000,'kkkk');
Insert into Transaksi_Beli_Detail (seq,master_seq,barang_seq,qty,harga,total,keterangan) values(4,3,3,2,1000,2000,'   aaa');
Insert into Transaksi_Beli_Detail (seq,master_seq,barang_seq,qty,harga,total,keterangan) values(5,3,1,2,5000,10000,'');

Insert into Transaksi_Beli_master (seq,Tanggal,nomor,total,keterangan) values(1,DATEVALUE('25/11/2020' ),'001',17000,'bbb');
Insert into Transaksi_Beli_Detail (seq,master_seq,barang_seq,qty,harga,total,keterangan) values(1,1,3,2,1000,2000,'  aaa');
Insert into Transaksi_Beli_Detail (seq,master_seq,barang_seq,qty,harga,total,keterangan) values(2,1,1,3,5000,15000,'');

Insert into Transaksi_Beli_master (seq,Tanggal,nomor,total,keterangan) values(2,DATEVALUE('24/11/2020' ),'002',3000,'');
Insert into Transaksi_Beli_Detail (seq,master_seq,barang_seq,qty,harga,total,keterangan) values(3,2,3,3,1000,3000,'');

Update Transaksi_Beli_Master SET tanggal = DATEVALUE('25/11/2020' ),nomor = '001',total = 25000,keterangan = 'bbbccc' Where seq = 1;
DELETE FROM transaksi_Beli_detail WHERE master_Seq = 1;
Insert into Transaksi_Beli_Detail (seq,master_seq,barang_seq,qty,harga,total,keterangan) values(4,1,3,10,1000,10000,'  bbb');
Insert into Transaksi_Beli_Detail (seq,master_seq,barang_seq,qty,harga,total,keterangan) values(5,1,1,3,5000,15000,'');

DELETE FROM transaksi_Beli_detail WHERE master_Seq = 1;
Delete from Transaksi_Beli_master where seq = 1;

Insert into Transaksi_Beli_master (seq,Tanggal,nomor,total,keterangan) values(3,DATEVALUE('25/11/2020' ),'003',7000,'');
Insert into Transaksi_Beli_Detail (seq,master_seq,barang_seq,qty,harga,total,keterangan) values(4,3,3,2,1000,2000,'');
Insert into Transaksi_Beli_Detail (seq,master_seq,barang_seq,qty,harga,total,keterangan) values(5,3,1,1,5000,5000,'');

